IAB Tier 1,IAB Tier 2
Arts & Entertainment,
Arts & Entertainment,Books & Literature
Arts & Entertainment,Celebrity Fan/gossip
Arts & Entertainment,Fine Art
Arts & Entertainment,Humor
Arts & Entertainment,Movies
Arts & Entertainment,Music
Arts & Entertainment,Television
Automotive,
Automotive,Auto Parts
Automotive,Auto Repair
Automotive,Buying/selling Cars
Automotive,Car Culture
Automotive,Certified Pre-owned
Automotive,Convertible
Automotive,Coupe
Automotive,Crossover
Automotive,Electric Vehicle
Automotive,Hybrid
Automotive,Luxury
Automotive,Minivan
Automotive,Motorcycles
Automotive,Navigation
Automotive,Off-road Vehicles
Automotive,Performance Vehicles
Automotive,Pickup
Automotive,Sedan
Automotive,Trucks & Accessories
Automotive,Vintage Cars
Automotive,Wagon
Business,
Business,Advertising
Business,Agriculture
Business,Biotech/biomedical
Business,Business Software
Business,Construction
Business,Forestry
Business,Government
Business,Green Solutions
Business,Human Resources
Business,Logistics
Business,Marketing
Business,Metals
Careers,
Careers,Career Advice
Careers,Career Planning
Careers,College
Careers,Financial Aid
Careers,Job Fairs
Careers,Job Search
Careers,Nursing
Careers,Resume Writing/advice
Careers,Scholarships
Careers,Telecommuting
Careers,U.s. Military
Education,
Education,7-12 Education
Education,Adult Education
Education,Art History
Education,College Life
Education,Distance Learning
Education,English As A 2nd Language
Education,Graduate School
Education,Homeschooling
Education,Homework/study Tips
Education,K-6 Education
Education,Language Learning
Education,Private School
Education,Special Edcuation
Education,Studying Business
Education,Tutoring
Family & Parenting,
Family & Parenting,Adoption
Family & Parenting,Babies & Toddlers
Family & Parenting,Daycare/pre-school
Family & Parenting,Eldercare
Family & Parenting,Family Internet
Family & Parenting,Parenting - K-6 Kids
Family & Parenting,Parenting - Teens
Family & Parenting,Pregnancy
Family & Parenting,Special Needs Kids
Food & Drink,
Food & Drink,American Cuisine
Food & Drink,Barbecues & Grilling
Food & Drink,Cajun/creole
Food & Drink,Chinese Cuisine
Food & Drink,Cocktails/beer
Food & Drink,Coffee/tea
Food & Drink,Cuisine-specific
Food & Drink,Desserts & Baking
Food & Drink,Dining Out
Food & Drink,Food Allergies
Food & Drink,French Cuisine
Food & Drink,Health/lowfat Cooking
Food & Drink,Italian Cuisine
Food & Drink,Japanese Cuisine
Food & Drink,Mexican Cuisine
Food & Drink,Vegan
Food & Drink,Vegetarian
Food & Drink,Wine
Health & Fitness,
Health & Fitness,A.d.d.
Health & Fitness,Aids/hiv
Health & Fitness,Allergies
Health & Fitness,Alternative Medicine
Health & Fitness,Arthritis
Health & Fitness,Asthma
Health & Fitness,Autism/pdd
Health & Fitness,Bipolar Disorder
Health & Fitness,Brain Tumor
Health & Fitness,Cancer
Health & Fitness,Children Health
Health & Fitness,Cholestrol
Health & Fitness,Chronic Fatigue Syndrome
Health & Fitness,Chronic Pain
Health & Fitness,Cold & Flu
Health & Fitness,Cosmetic Surgery
Health & Fitness,Deafness
Health & Fitness,Dental Care
Health & Fitness,Depression
Health & Fitness,Dermatology
Health & Fitness,Diabetes
Health & Fitness,Epilespy
Health & Fitness,Exercise
Health & Fitness,Gerd/acid Reflux
Health & Fitness,Headaches/migraines
Health & Fitness,Heart Disease
Health & Fitness,Herbs For Health
Health & Fitness,Holistic Healing
Health & Fitness,Ibs/crohns Disease
Health & Fitness,Incest/abuse Support
Health & Fitness,Incontinence
Health & Fitness,Infertility
Health & Fitness,Mens Health
Health & Fitness,Nutrition
Health & Fitness,Orthopedics
Health & Fitness,Panic/anxiety Disorders
Health & Fitness,Pediatrics
Health & Fitness,Physical Therapy
Health & Fitness,Psychology/psychiatry
Health & Fitness,Senior Health
Health & Fitness,Sexuality
Health & Fitness,Sleep Disorders
Health & Fitness,Smoking Cessation
Health & Fitness,Substance Abuse
Health & Fitness,Thyroid Disease
Health & Fitness,Weight Loss
Health & Fitness,Womens Health
Hobbies & Interests,
Hobbies & Interests,Art/technology
Hobbies & Interests,Arts & Crafts
Hobbies & Interests,Beadwork
Hobbies & Interests,Birdwatching
Hobbies & Interests,Board Games/puzzles
Hobbies & Interests,Candle & Soap Making
Hobbies & Interests,Card Games
Hobbies & Interests,Chess
Hobbies & Interests,Cigars
Hobbies & Interests,Collecting
Hobbies & Interests,Comic Books
Hobbies & Interests,Drawing/sketching
Hobbies & Interests,Freelance Writing
Hobbies & Interests,Genealogy
Hobbies & Interests,Getting Published
Hobbies & Interests,Guitar
Hobbies & Interests,Home Recording
Hobbies & Interests,Investors & Patents
Hobbies & Interests,Magic & Illusion
Hobbies & Interests,Needlework
Hobbies & Interests,Painting
Hobbies & Interests,Photography
Hobbies & Interests,Radio
Hobbies & Interests,Roleplaying Games
Hobbies & Interests,Sci-fi & Fantasy
Hobbies & Interests,Scrapbooking
Hobbies & Interests,Screenwriting
Hobbies & Interests,Stamps & Coins
Hobbies & Interests,Themes
Hobbies & Interests,Video & Computer Games
Hobbies & Interests,Woodworking
Home & Garden,
Home & Garden,Appliances
Home & Garden,Entertaining
Home & Garden,Environmental Safety
Home & Garden,Gardening
Home & Garden,Home Repair
Home & Garden,Home Theater
Home & Garden,Interior Decorating
Home & Garden,Landscaping
Home & Garden,Remodeling & Construction
"Law, Govt & Politics",
"Law, Govt & Politics",Commentary
"Law, Govt & Politics",Immigration
"Law, Govt & Politics",Legal Issues
"Law, Govt & Politics",Politics
"Law, Govt & Politics",U.s. Government Resources
News,
News,International News
News,Local News
News,National News
Personal Finance,
Personal Finance,Accounting
Personal Finance,Banking
Personal Finance,Beginning Investing
Personal Finance,Credit/debt & Loans
Personal Finance,Financial News
Personal Finance,Financial Planning
Personal Finance,Hedge Fund
Personal Finance,Insurance
Personal Finance,Investing
Personal Finance,Mutual Funds
Personal Finance,Options
Personal Finance,Retirement Planning
Personal Finance,Stocks
Personal Finance,Tax Planning
Pets,
Pets,Aquariums
Pets,Birds
Pets,Cats
Pets,Dogs
Pets,Large Animals
Pets,Reptiles
Pets,Veterinary Medicine
Real Estate,
Real Estate,Apartments
Real Estate,Architects
Real Estate,Buying/selling Homes
Religion And Spirituality,
Religion And Spirituality,Alternative Religions
Religion And Spirituality,Atheism/agnosticism
Religion And Spirituality,Buddhism
Religion And Spirituality,Catholicism
Religion And Spirituality,Christianity
Religion And Spirituality,Hinduism
Religion And Spirituality,Islam
Religion And Spirituality,Judaism
Religion And Spirituality,Latter-day Saints
Religion And Spirituality,Pagan/wiccan
Science,
Science,Anatomy
Science,Astrology
Science,Biology
Science,Botany
Science,Chemistry
Science,Gealogy
Science,Geography
Science,Paranormal Phenomena
Science,Physics
Science,Space/astronomy
Science,Weather
Shopping,
Shopping,Comparison
Shopping,Couponing
Shopping,Engines
Society,
Society,Dating
Society,Divorce Support
Society,Ethnic Specific
Society,Marriage
Society,Senior Living
Society,Teens
Society,Weddings
Sports,
Sports,Auto Racing
Sports,Baseball
Sports,Bicycling
Sports,Bodybuilding
Sports,Boxing
Sports,Canoeing/kayaking
Sports,Cheerleading
Sports,Climbing
Sports,Cricket
Sports,Figure Skating
Sports,Fly Fishing
Sports,Football
Sports,Freshwater Fishing
Sports,Game & Fish
Sports,Golf
Sports,Horse Racing
Sports,Horses
Sports,Hunting/shooting
Sports,Inline Skating
Sports,Martial Arts
Sports,Mountain Biking
Sports,Nascar Racing
Sports,Olympics
Sports,Paintball
Sports,Power & Motorcycles
Sports,Pro Basketball
Sports,Pro Ice Hockey
Sports,Rodeo
Sports,Rugby
Sports,Running/jogging
Sports,Sailing
Sports,Saltwater Fishing
Sports,Scuba Diving
Sports,Skateboarding
Sports,Skiing
Sports,Snowboarding
Sports,Surfing/bodyboarding
Sports,Swimming
Sports,Table Tennis/ping-pong
Sports,Tennis
Sports,Volleyball
Sports,Walking
Sports,Waterski/wakeboard
Sports,World Soccer
Style & Fashion,
Style & Fashion,Accessories
Style & Fashion,Beauty
Style & Fashion,Body Art
Style & Fashion,Clothing
Style & Fashion,Fashion
Style & Fashion,Jewelry
Technology & Computing,
Technology & Computing,3-d Graphics
Technology & Computing,Animation
Technology & Computing,Antivirus Software
Technology & Computing,C/c++
Technology & Computing,Cameras & Camcorders
Technology & Computing,Cell Phones
Technology & Computing,Computer Certification
Technology & Computing,Computer Networking
Technology & Computing,Computer Peripherals
Technology & Computing,Computer Reviews
Technology & Computing,Data Centers
Technology & Computing,Databases
Technology & Computing,Desktop Publishing
Technology & Computing,Desktop Video
Technology & Computing,Email
Technology & Computing,Graphics Software
Technology & Computing,Home Video/dvd
Technology & Computing,Internet Technology
Technology & Computing,Java
Technology & Computing,Javascript
Technology & Computing,Linux
Technology & Computing,Mac Os
Technology & Computing,Mac Support
Technology & Computing,Mp3/midi
Technology & Computing,Net Conferencing
Technology & Computing,Net For Beginners
Technology & Computing,Network Security
Technology & Computing,Palmtops/pdas
Technology & Computing,Pc Support
Technology & Computing,Portable Entertainment
Technology & Computing,Shareware/freeware
Technology & Computing,Unix
Technology & Computing,Utilities
Technology & Computing,Visual Basic
Technology & Computing,Web Clip Art
Technology & Computing,Web Design/html
Technology & Computing,Web Search
Technology & Computing,Windows
Travel,
Travel,Adventure Travel
Travel,Africa
Travel,Air Travel
Travel,Australia & New Zealand
Travel,Bed & Breakfasts
Travel,Budget Travel
Travel,Business Travel
Travel,By Us Locale
Travel,Camping
Travel,Canada
Travel,Caribbean
Travel,Cruises
Travel,Eastern Europe
Travel,Europe
Travel,France
Travel,Greece
Travel,Honeymoons/getaways
Travel,Hotels
Travel,Italy
Travel,Japan
Travel,Mexico & Central America
Travel,National Parks
Travel,Navigation
Travel,South America
Travel,Spas
Travel,Theme Parks
Travel,United Kingdom
Uncategorized,
Uncategorized,Social Media